{
    "model_type": "efficientnet",
    "test_loss": 0.4326159954071045,
    "test_accuracy": 0.7714748978614807,
    "test_precision": 0.7714748978614807,
    "test_recall": 0.7714748978614807,
    "test_auc": 0.8894901871681213,
    "timestamp": "2026-02-24T19:31:20.337160"
}