{
    "accuracy": [
        0.6574460864067078,
        0.6805845499038696,
        0.6821503043174744,
        0.6950243711471558,
        0.694676399230957,
        0.7117258310317993,
        0.7252957820892334,
        0.725121796131134,
        0.7435629963874817,
        0.749130129814148
    ],
    "auc": [
        0.7061079144477844,
        0.7445394396781921,
        0.7581101655960083,
        0.7693217396736145,
        0.7792462110519409,
        0.7941500544548035,
        0.8099686503410339,
        0.807912290096283,
        0.8275473117828369,
        0.8343302607536316
    ],
    "loss": [
        0.7894982695579529,
        0.6400736570358276,
        0.6125852465629578,
        0.5831044316291809,
        0.5678679347038269,
        0.5487071871757507,
        0.5294750928878784,
        0.5336041450500488,
        0.5094929337501526,
        0.5038622617721558
    ],
    "precision": [
        0.6574460864067078,
        0.6805845499038696,
        0.6821503043174744,
        0.6950243711471558,
        0.694676399230957,
        0.7117258310317993,
        0.7252957820892334,
        0.725121796131134,
        0.7435629963874817,
        0.749130129814148
    ],
    "recall": [
        0.6574460864067078,
        0.6805845499038696,
        0.6821503043174744,
        0.6950243711471558,
        0.694676399230957,
        0.7117258310317993,
        0.7252957820892334,
        0.725121796131134,
        0.7435629963874817,
        0.749130129814148
    ],
    "val_accuracy": [
        0.7007299065589905,
        0.7007299065589905,
        0.7161394953727722,
        0.7266829013824463,
        0.7161394953727722,
        0.7096512317657471,
        0.7729116082191467,
        0.7380372881889343,
        0.7729116082191467,
        0.6699107885360718
    ],
    "val_auc": [
        0.8047759532928467,
        0.8094980716705322,
        0.8172584772109985,
        0.8300684690475464,
        0.8238472938537598,
        0.8327022194862366,
        0.8707311153411865,
        0.8521547317504883,
        0.8844587802886963,
        0.7702763080596924
    ],
    "val_loss": [
        0.6177620887756348,
        0.593292236328125,
        0.5991597771644592,
        0.5492765307426453,
        0.5113312005996704,
        0.496628999710083,
        0.44752487540245056,
        0.4789414703845978,
        0.4388740062713623,
        0.5966235995292664
    ],
    "val_precision": [
        0.7007299065589905,
        0.7007299065589905,
        0.7161394953727722,
        0.7266829013824463,
        0.7161394953727722,
        0.7096512317657471,
        0.7729116082191467,
        0.7380372881889343,
        0.7729116082191467,
        0.6699107885360718
    ],
    "val_recall": [
        0.7007299065589905,
        0.7007299065589905,
        0.7161394953727722,
        0.7266829013824463,
        0.7161394953727722,
        0.7096512317657471,
        0.7729116082191467,
        0.7380372881889343,
        0.7729116082191467,
        0.6699107885360718
    ],
    "learning_rate": [
        0.0010000000474974513,
        0.0010000000474974513,
        0.0010000000474974513,
        0.0010000000474974513,
        0.0010000000474974513,
        0.0010000000474974513,
        0.0010000000474974513,
        0.0010000000474974513,
        0.0010000000474974513,
        0.0010000000474974513
    ]
}